Workbook

Sheet Raw_Data
A1: Order_ID | B1: Customer | C1: City | D1: Order_Amount | E1: Delivery_Time_Min | F1: Rating | G1: Payment_Method | H1: Order_Date
A2: 101 | B2: Simran | C2: Delhi | D2: 450 | E2: 35 | F2: 5 | G2: UPI | H2: 46143
A3: 102 | B3: Aman | C3: Mumbai | D3: 620 | E3: 50 | F3: 4 | G3: Cash | H3: 46143
A4: 103 | B4: Riya | C4: delhi | D4: 700 | E4: 65 | F4: 2 | G4: Card | H4: 46144
A5: 104 | B5: Kabir | C5: Bangalore | D5: 550 | E5: 45 | F5: 4 | G5: UPI | H5: 46144
A6: 105 | B6: NULL | C6: Chennai | D6: five hundred | E6: 40 | F6: 3 | G6: Cash | H6: invalid
A7: 106 | B7: Neha | C7: Delhi | D7: 800 | E7: 75 | F7: 1 | G7: Card | H7: 46145
A8: 106 | B8: Neha | C8: Delhi | D8: 800 | E8: 75 | F8: 1 | G8: Card | H8: 46145
A9: 107 | B9: Arjun | C9: Mumbai | D9: 300 | E9: 25 | F9: 5 | G9: UPI | H9: 46146
A10: 108 | B10: Priya | C10: Delhi | D10: 1000 | E10: 90 | F10: 2 | G10: Cash | H10: 46146
A11: 109 | B11: Ravi | C11: Bangalore | D11: 650 | E11: 55 | F11: 4 | G11: UPI | H11: 46147
A12: 110 | B12: Sneha | C12: Chennai | D12: 480 | E12: 35 | F12: 5 | G12: Card | H12: 46147
A13: 111 | B13: Karan | C13: DELHI | D13: 750 | E13: 70 | F13: 2 | G13: UPI | H13: 46148

Sheet Cleaned_Data
A1: Order_ID | B1: Customer | C1: City | D1: Order_Amount | E1: Delivery_Time_Min | F1: Rating | G1: Payment_Method | H1: Order_Date
A2: 101 | B2: Simran | C2: =PROPER(Raw_Data!C2) -> Delhi | D2: =IF(Raw_Data!D2 = "five hundred", 500, Raw_Data!D2) -> 450 | E2: 35 | F2: 5 | G2: UPI | H2: 46143
A3: 102 | B3: Aman | C3: =PROPER(Raw_Data!C3) -> Mumbai | D3: =IF(Raw_Data!D3 = "five hundred", 500, Raw_Data!D3) -> 620 | E3: 50 | F3: 4 | G3: Cash | H3: 46143
A4: 103 | B4: Riya | C4: =PROPER(Raw_Data!C4) -> Delhi | D4: =IF(Raw_Data!D4 = "five hundred", 500, Raw_Data!D4) -> 700 | E4: 65 | F4: 2 | G4: Card | H4: 46144
A5: 104 | B5: Kabir | C5: =PROPER(Raw_Data!C5) -> Bangalore | D5: =IF(Raw_Data!D5 = "five hundred", 500, Raw_Data!D5) -> 550 | E5: 45 | F5: 4 | G5: UPI | H5: 46144
A6: 106 | B6: Neha | C6: =PROPER(Raw_Data!C7) -> Delhi | D6: =IF(Raw_Data!D7 = "five hundred", 500, Raw_Data!D7) -> 800 | E6: 75 | F6: 1 | G6: Card | H6: 46145
A7: 107 | B7: Arjun | C7: =PROPER(Raw_Data!C8) -> Delhi | D7: =IF(Raw_Data!D8 = "five hundred", 500, Raw_Data!D8) -> 800 | E7: 25 | F7: 5 | G7: UPI | H7: 46146
A8: 108 | B8: Priya | C8: =PROPER(Raw_Data!C9) -> Mumbai | D8: =IF(Raw_Data!D9 = "five hundred", 500, Raw_Data!D9) -> 300 | E8: 90 | F8: 2 | G8: Cash | H8: 46146
A9: 109 | B9: Ravi | C9: =PROPER(Raw_Data!C10) -> Delhi | D9: =IF(Raw_Data!D10 = "five hundred", 500, Raw_Data!D10) -> 1000 | E9: 55 | F9: 4 | G9: UPI | H9: 46147
A10: 110 | B10: Sneha | C10: =PROPER(Raw_Data!C11) -> Bangalore | D10: =IF(Raw_Data!D11 = "five hundred", 500, Raw_Data!D11) -> 650 | E10: 35 | F10: 5 | G10: Card | H10: 46147
A11: 111 | B11: Karan | C11: =PROPER(Raw_Data!C12) -> Chennai | D11: =IF(Raw_Data!D12 = "five hundred", 500, Raw_Data!D12) -> 480 | E11: 70 | F11: 2 | G11: UPI | H11: 46148

Sheet Analysis
A2: Q No. | B2: Question | C2: Answer | E2: Sales by City
A3: 1 | B3: What is total sales? | C3: =SUM(F3:F6) -> 6350 | E3: delhi | F3: =SUMIF(Orders_table[City],Analysis!E3,Orders_table[Order_Amount]) -> 3750
A4: 2 | B4: Which city has highest sales? | C4: =PROPER(_xlfn.XLOOKUP(MAX(F3:F6),F3:F6,E3:E6)) -> Delhi | E4: mumbai | F4: =SUMIF(Orders_table[City],Analysis!E4,Orders_table[Order_Amount]) -> 920
A5: 3 | B5: Average delivery time? | C5: =AVERAGE(Orders_table[Delivery_Time_Min]) -> 54.5 | E5: bangalore | F5: =SUMIF(Orders_table[City],Analysis!E5,Orders_table[Order_Amount]) -> 1200
A6: 4 | B6: Which payment method is most used? | C6: =_xlfn.XLOOKUP(MAX(F9:F11),F9:F11,E9:E11) -> UPI | E6: chennai | F6: =SUMIF(Orders_table[City],Analysis!E6,Orders_table[Order_Amount]) -> 480
A7: 5 | B7: Which city has lowest ratings? | C7: =PROPER(_xlfn.XLOOKUP(MIN(F14:F17),F14:F17,E14:E17)) -> Chennai
A8: 6 | B8: Do longer delivery times reduce ratings? | C8: =IF(F20>=0,"No", "Yes") -> Yes | E8: Payment method
B9: (Hint: compare high delivery times with ratings) | E9: UPI | F9: =COUNTIF(Orders_table[Payment_Method],Analysis!E9) -> 5
E10: Cash | F10: =COUNTIF(Orders_table[Payment_Method],Analysis!E10) -> 2
E11: Card | F11: =COUNTIF(Orders_table[Payment_Method],Analysis!E11) -> 3
E13: City Ratings
E14: delhi | F14: =AVERAGEIF(Orders_table[City],Analysis!E14,Orders_table[Rating]) -> 3.4
E15: mumbai | F15: =AVERAGEIF(Orders_table[City],Analysis!E15,Orders_table[Rating]) -> 3
E16: bangalore | F16: =AVERAGEIF(Orders_table[City],Analysis!E16,Orders_table[Rating]) -> 4.5
E17: chennai | F17: =AVERAGEIF(Orders_table[City],Analysis!E17,Orders_table[Rating]) -> 2
E19: Correlation? Q6
E20: Yes/No | F20: =CORREL(Orders_table[Delivery_Time_Min],Orders_table[Rating]) -> -0.91199155

Sheet Sales by city
A3: City | B3: Sales
A4: Bangalore | B4: 1200
A5: Chennai | B5: 480
A6: Delhi | B6: 3750
A7: Mumbai | B7: 920
A8: Grand Total | B8: 6350

Sheet Orders by Payment method
A3: Payment Method | B3: No. of order
A4: Card | B4: 3
A5: Cash | B5: 2
A6: UPI | B6: 5
A7: Grand Total | B7: 10

Sheet Avg rating by City
A3: City | B3: Average Rating
A4: Bangalore | B4: 4.5
A5: Chennai | B5: 2
A6: Delhi | B6: 3.4
A7: Mumbai | B7: 3
A8: Grand Total | B8: 3.4

Sheet Delivery Time by City
A3: City | B3: Avg Delivery Time
A4: Bangalore | B4: 40
A5: Chennai | B5: 70
A6: Delhi | B6: 51
A7: Mumbai | B7: 70
A8: Grand Total | B8: 54.5

Sheet Dashboard
A2: Food Delivery Analytics Dashboard
E4: Total Sales | I4: Total Orders | M4: Average Rating
E5: =SUM(Cleaned_Data!D2:D11) -> 6350 | I5: =COUNT(Cleaned_Data!A2:A11) -> 10 | M5: =AVERAGE(Cleaned_Data!F2:F11) -> 3.4
